sub_id,trial_id,command (by position every new line),comments,
121,1,"python align_crop_image.py -p D:\image_alignment\test_data\ -i 121 1 1 -y 87 -x 7  -s 1 -l 1 1 -f none -r 126 170 324 300
python align_crop_image.py -p D:\image_alignment\test_data\ -i 121 1 2 -y 87 80 -x 7 0 -s 1 -l 1 1
python align_crop_image.py -p D:\image_alignment\test_data\ -i 121 1 3 -y 87 80 81 -x 7 0 0 -s 1 -l 1 1 1
python align_crop_image.py -p D:\image_alignment\test_data\ -i 121 1 4 -y 87 80 81 60 -x 7 0 0 10 -s 1 -l 1 1 1 0 -f none -r 220 134 373 262
python align_crop_image.py -p D:\image_alignment\test_data\ -i 121 1 5 -y 87 80 81 60 50 -x 7 0 0 10 10 -s 1 -l 1 1 1 0 0 -f none -r 235 150 385 250
python align_crop_image.py -p D:\image_alignment\test_data\ -i 121 1 6 -y 87 80 81 60 50 63 -x 7 0 0 10 10 8 -s 1 -l 1 1 1 0 0 0 -f none -r 203 100 381 220
python align_crop_image.py -p D:\image_alignment\test_data\ -i 121 1 7 -y 87 80 81 60 50 63 80 -x 7 0 0 10 10 8 5 -s 1 -l 1 1 1 0 0 0 0 -f none -r 68 170 261 300
python align_crop_image.py -p D:\image_alignment\test_data\ -i 121 1 8 -y 87 80 81 60 50 63 80 75 -x 7 0 0 10 10 8 5 8 -s 1 -l 1 1 1 0 0 0 0 2 -f none -r 70 178 233 286
python align_crop_image.py -p D:\image_alignment\test_data\ -i 121 1 9 -y 87 80 81 60 50 63 80 75 77 -x 7 0 0 10 10 8 5 8 6 -s 1 -l 1 1 1 0 0 0 0 2 1 -f none -r 60 137 233 243",,
121,2,"python align_crop_image.py -p D:\image_alignment\test_data\ -i 121 2 1 -y 60 -x 7  -s 1 -l 2
python align_crop_image.py -p D:\image_alignment\test_data\ -i 121 2 2 -y 60 50 -x 7 7 -s 1 -l 1 2
python align_crop_image.py -p D:\image_alignment\test_data\ -i 121 2 3 -y 60 50 81 -x 7 7 -5 -s 1 -l 1 2 1
python align_crop_image.py -p D:\image_alignment\test_data\ -i 121 2 4 -y 60 50 81 68 -x 7 7 -5 5  -s 1 -l 1 2 1 1 -f dnn
python align_crop_image.py -p D:\image_alignment\test_data\ -i 121 2 5 -y 60 50 81 68 57 -x 7 7 -5 5 5  -s 1 -l 1 2 1 1 1 
python align_crop_image.py -p D:\image_alignment\test_data\ -i 121 2 6 -y 60 50 81 68 57 75 -x 7 7 -5 5 5 6 -s 1 -l 1 2 1 1 1 1 -f dnn
python align_crop_image.py -p D:\image_alignment\test_data\ -i 121 2 7 -y 60 50 81 68 57 75 70 -x 7 7 -5 5 5 6 8 -s 1 -l 1 2 1 1 1 1 2 -f none -r 107 179 278 270
python align_crop_image.py -p D:\image_alignment\test_data\ -i 121 2 8 -y 60 50 81 68 57 75 70 46 -x 7 7 -5 5 5 6 8 6 -s 1 -l 1 2 1 1 1 1 2 3 -f none -r 105 195 239 275
python align_crop_image.py -p D:\image_alignment\test_data\ -i 121 2 9 -y 60 50 81 68 57 75 70 46 64 -x 7 7 -5 5 5 6 8 6 5 -s 1 -l 1 2 1 1 1 1 2 3 1 -f dnn",,
122,1,"python align_crop_image.py -p D:\image_alignment\test_data\ -i 122 1 1 -y 25 -x 7  -s 1 -l 2 -f dnn
python align_crop_image.py -p D:\image_alignment\test_data\ -i 122 1 2 -y 25 28 -x 7 7 -s 1 -l 2 2
python align_crop_image.py -p D:\image_alignment\test_data\ -i 122 1 3 -y 25 28 40 -x 7 7 -4 -s 1 -l 2 2 1
python align_crop_image.py -p D:\image_alignment\test_data\ -i 122 1 4 -y 25 28 40 38 -x 7 7 -4 3 -s 1 -l 2 2 1 2 -f dnn
python align_crop_image.py -p D:\image_alignment\test_data\ -i 122 1 5 -y 25 28 40 38 26 -x 7 7 -4 3 -4 -s 1 -l 2 2 1 2 2 -f dnn
python align_crop_image.py -p D:\image_alignment\test_data\ -i 122 1 6 -y 25 28 40 38 26 30 -x 7 7 -4 3 -4 -4 -s 1 -l 2 2 1 2 2 1 -f dnn
python align_crop_image.py -p D:\image_alignment\test_data\ -i 122 1 7 -y 25 28 40 38 26 30 37 -x 7 7 -4 3 -4 -4 4 -s 1 -l 2 2 1 2 2 1 2
python align_crop_image.py -p D:\image_alignment\test_data\ -i 122 1 8 -y 25 28 40 38 26 30 37 27 -x 7 7 -4 3 -4 -4 4 4 -s 1 -l 2 2 1 2 2 1 2 2
python align_crop_image.py -p D:\image_alignment\test_data\ -i 122 1 9 -y 25 28 40 38 26 30 37 27 32 -x 7 7 -4 3 -4 -4 4 4 4 -s 1 -l 2 2 1 2 2 1 2 2 2 -f none -r 127 105 270 185",,
122,2,"python align_crop_image.py -p D:\image_alignment\test_data\ -i 122 2 1 -y 91 -x 7  -s 1 -l 2 -f none -r 128 191 310 290
python align_crop_image.py -p D:\image_alignment\test_data\ -i 122 2 2 -y 25 80 -x 7 5 -s 1 -l 2 3
python align_crop_image.py -p D:\image_alignment\test_data\ -i 122 2 3 -y 25 80 112 -x 7 5 1 -s 1 -l 2 3 1
python align_crop_image.py -p D:\image_alignment\test_data\ -i 122 2 4 -y 25 80 112 100 -x 7 5 1 7 -s 1 -l 2 3 1 2 -f none -r 187 145 395 270
python align_crop_image.py -p D:\image_alignment\test_data\ -i 122 2 5 -y 25 80 112 100 85 -x 7 5 1 7 7 -s 1 -l 2 3 1 2 2 -f none -r 192 155 375 260
python align_crop_image.py -p D:\image_alignment\test_data\ -i 122 2 6 -y 25 80 112 100 85 105 -x 7 5 1 7 7 6 -s 1 -l 2 3 1 2 2 2 -f none -r 200 120 385 210
python align_crop_image.py -p D:\image_alignment\test_data\ -i 122 2 7 -y 25 80 112 100 85 105 94 -x 7 5 1 7 7 6 7 -s 1 -l 2 3 1 2 2 2 2 -f none -r 80 120 265 260
python align_crop_image.py -p D:\image_alignment\test_data\ -i 122 2 8 -y 25 80 112 100 85 105 94 92 -x 7 5 1 7 7 6 7 8 -s 1 -l 2 3 1 2 2 2 2 2 -f none -r 75 167 240 287
python align_crop_image.py -p D:\image_alignment\test_data\ -i 122 2 9 -y 25 80 112 100 85 105 94 92 103 -x 7 5 1 7 7 6 7 8 -3 -s 1 -l 2 3 1 2 2 2 2 2 2 -f none -r 90 115 260 200",,
123,1,"python align_crop_image.py -p D:\image_alignment\test_data\ -i 123 1 1 -y 62 -x 0 -s 1 -l 2
python align_crop_image.py -p D:\image_alignment\test_data\ -i 123 1 2 -y 62 60 -x 0 0  -s 1 -l 2 3
python align_crop_image.py -p D:\image_alignment\test_data\ -i 123 1 3 -y 62 60 82 -x 0 0 -5 -s 1 -l 2 3 1
python align_crop_image.py -p D:\image_alignment\test_data\ -i 123 1 4 -y 62 60 82 76 -x 0 0 -5 2 -s 1 -l 2 3 1 1
python align_crop_image.py -p D:\image_alignment\test_data\ -i 123 1 5 -y 62 60 82 76 77 -x 0 0 -5 2 5 -s 1 -l 2 3 1 1 1
python align_crop_image.py -p D:\image_alignment\test_data\ -i 123 1 6 -y 62 60 82 76 77 80 -x 0 0 -5 2 5 0 -s 1 -l 2 3 1 1 1 0
python align_crop_image.py -p D:\image_alignment\test_data\ -i 123 1 7 -y 62 60 82 76 77 80 71 -x 0 0 -5 2 5 0 4 -s 1 -l 2 3 1 1 1 0 2
python align_crop_image.py -p D:\image_alignment\test_data\ -i 123 1 8 -y 62 60 82 76 77 80 71 72 -x 0 0 -5 2 5 0 4 2 -s 1 -l 2 3 1 1 1 0 2 2
python align_crop_image.py -p D:\image_alignment\test_data\ -i 123 1 9 -y 62 60 82 76 77 80 71 72 73 -x 0 0 -5 2 5 0 4 2 2 -s 1 -l 2 3 1 1 1 0 2 2 2",,
123,2,"python align_crop_image.py -p D:\image_alignment\test_data\ -i 123 2 1 -y 70 -x 8 -s 1 -l 3
python align_crop_image.py -p D:\image_alignment\test_data\ -i 123 2 2 -y 70 62 -x 8 2 -s 1 -l 3 3
python align_crop_image.py -p D:\image_alignment\test_data\ -i 123 2 3 -y 70 62 75 -x 8 2 -5 -s 1 -l 3 3 2
python align_crop_image.py -p D:\image_alignment\test_data\ -i 123 2 4 -y 70 62 75 61 -x 8 2 -5 1 -s 1 -l 3 3 2 1
python align_crop_image.py -p D:\image_alignment\test_data\ -i 123 2 5 -y 70 62 75 61 61 -x 8 2 -5 1 2 -s 1 -l 3 3 2 1 2
python align_crop_image.py -p D:\image_alignment\test_data\ -i 123 2 6 -y 70 62 75 61 61 80 -x 8 2 -5 1 2 -7 -s 1 -l 3 3 2 1 2 1
python align_crop_image.py -p D:\image_alignment\test_data\ -i 123 2 7 -y 70 62 75 61 61 80 83 -x 8 2 -5 1 2 -7 0 -s 0 -l 3 3 2 1 2 1 2 -f none -r 82 190 266 290
python align_crop_image.py -p D:\image_alignment\test_data\ -i 123 2 8 -y 70 62 75 61 61 80 83 73 -x 8 2 -5 1 2 -7 0 4 -s 1 -l 3 3 2 1 2 1 2 3
python align_crop_image.py -p D:\image_alignment\test_data\ -i 123 2 9 -y 70 62 75 61 61 80 83 73 78 -x 8 2 -5 1 2 -7 0 4 8 -s 1 -l 3 3 2 1 2 1 2 3 2
",,
124,1,"python align_crop_image.py -p D:\image_alignment\test_data\ -i 124 1 1 -y 28 -x 0 -s 1 -l 1
python align_crop_image.py -p D:\image_alignment\test_data\ -i 124 1 2 -y 28 30 -x 0 2 -s 1 -l 2 2
python align_crop_image.py -p D:\image_alignment\test_data\ -i 124 1 3 -y 28 30 38 -x 0 2 2 -s 1 -l 2 2 1
python align_crop_image.py -p D:\image_alignment\test_data\ -i 124 1 4 -y 28 30 38 30 -x 0 2 2 2 -s 1 -l 2 2 1 2 -f none -r 150 130 350 230
python align_crop_image.py -p D:\image_alignment\test_data\ -i 124 1 5 -y 28 30 38 30 30 -x 0 2 2 2 2 -s 1 -l 2 2 1 2 2 -f none -r 150 130 320 220
python align_crop_image.py -p D:\image_alignment\test_data\ -i 124 1 6 -y 28 30 38 30 30 18 -x 0 2 2 2 2 -1 -s 1 -l 2 2 1 2 2 0 -f none -r 180 100 320 180
python align_crop_image.py -p D:\image_alignment\test_data\ -i 124 1 7 -y 28 30 38 30 30 18 25 -x 0 2 2 2 2 -1 7 -s 1 -l 2 2 1 2 2 0 2
python align_crop_image.py -p D:\image_alignment\test_data\ -i 124 1 8 -y 28 30 38 30 30 18 25 35 -x 0 2 2 2 2 -1 7 2 -s 1 -l 2 2 1 2 2 0 2 2
python align_crop_image.py -p D:\image_alignment\test_data\ -i 124 1 9 -y 28 30 38 30 30 18 25 35 32 -x 0 2 2 2 2 -1 7 2 2 -s 1 -l 2 2 1 2 2 0 2 2 2 -f dnn","position 4, 5,9  blurry and not detectable/cant align ",
124,2,"python align_crop_image.py -p D:\image_alignment\test_data\ -i 124 2 1 -y 25 -x 2 -s 1 -l 2
python align_crop_image.py -p D:\image_alignment\test_data\ -i 124 2 2 -y 25 20 -x 2 0 -s 1 -l 2 2
python align_crop_image.py -p D:\image_alignment\test_data\ -i 124 2 3 -y 25 20 30 -x 2 0 -2 -s 1 -l 2 2 0
python align_crop_image.py -p D:\image_alignment\test_data\ -i 124 2 4 -y 25 20 30 30 -x 2 0 -2 0 -s 1 -l 2 2 0 0
python align_crop_image.py -p D:\image_alignment\test_data\ -i 124 2 5 -y 25 20 30 30 28 -x 2 0 -2 0 0 -s 1 -l 2 2 0 0 1
python align_crop_image.py -p D:\image_alignment\test_data\ -i 124 2 6 -y 25 20 30 30 28 30 -x 2 0 -2 0 0 0 -s 1 -l 2 2 0 0 1 0
python align_crop_image.py -p D:\image_alignment\test_data\ -i 124 2 7 -y 25 20 30 30 28 30 32 -x 2 0 -2 0 0 0 7 -s 1 -l 2 2 0 0 1 0 2
python align_crop_image.py -p D:\image_alignment\test_data\ -i 124 2 8 -y 25 20 30 30 28 30 32 30 -x 2 0 -2 0 0 0 7 6 -s 1 -l 2 2 0 0 1 0 2 2
python align_crop_image.py -p D:\image_alignment\test_data\ -i 124 2 9 -y 25 20 30 30 28 30 32 30 33 -x 2 0 -2 0 0 0 7 6 5 -s 1 -l 2 2 0 0 1 0 2 2 1",,
125,1,"python align_crop_image.py -p D:\image_alignment\test_data\ -i 125 1 1 -y 28 -x 3 -s 1 -l 2
python align_crop_image.py -p D:\image_alignment\test_data\ -i 125 1 2 -y 28 23 -x 3 3 -s 1 -l 2 2
python align_crop_image.py -p D:\image_alignment\test_data\ -i 125 1 3 -y 28 23 25 -x 3 3 0 -s 1 -l 2 2 1
python align_crop_image.py -p D:\image_alignment\test_data\ -i 125 1 4 -y 28 23 25 28 -x 3 3 0 2 -s 1 -l 2 2 1 1
python align_crop_image.py -p D:\image_alignment\test_data\ -i 125 1 5 -y 28 23 25 28 23 -x 3 3 0 2 2 -s 1 -l 2 2 1 1 1
python align_crop_image.py -p D:\image_alignment\test_data\ -i 125 1 6 -y 28 23 25 28 23 25 -x 3 3 0 2 2 2 -s 1 -l 2 2 1 1 1 1
python align_crop_image.py -p D:\image_alignment\test_data\ -i 125 1 7 -y 28 23 25 28 23 25 28 -x 3 3 0 2 2 2 4 -s 1 -l 2 2 1 1 1 1 2
python align_crop_image.py -p D:\image_alignment\test_data\ -i 125 1 8 -y 28 23 25 28 23 25 28 25 -x 3 3 0 2 2 2 4 7 -s 1 -l 2 2 1 1 1 1 2 3 -f none -r 115 165 250 230
python align_crop_image.py -p D:\image_alignment\test_data\ -i 125 1 9 -y 28 23 25 28 23 25 28 25 29 -x 3 3 0 2 2 2 4 7 6 -s 1 -l 2 2 1 1 1 1 2 3 1",125_1_2_8_180_2_2.png : detected by Sheikh,
125,2,"python align_crop_image.py -p D:\image_alignment\test_data\ -i 125 2 1 -y 20 -x 3 -s 1 -l 2
python align_crop_image.py -p D:\image_alignment\test_data\ -i 125 2 2 -y 20 18 -x 3 5 -s 1 -l 2 2
python align_crop_image.py -p D:\image_alignment\test_data\ -i 125 2 3 -y 20 18 28 -x 3 5 0 -s 1 -l 2 2 1
python align_crop_image.py -p D:\image_alignment\test_data\ -i 125 2 4 -y 20 18 28 26 -x 3 5 0 0 -s 1 -l 2 2 1 1
python align_crop_image.py -p D:\image_alignment\test_data\ -i 125 2 5 -y 20 18 28 26 20 -x 3 5 0 0 0 -s 1 -l 2 2 1 1 1
python align_crop_image.py -p D:\image_alignment\test_data\ -i 125 2 6 -y 20 18 28 26 20 23 -x 3 5 0 0 0 0 -s 1 -l 2 2 1 1 1 1
python align_crop_image.py -p D:\image_alignment\test_data\ -i 125 2 7 -y 20 18 28 26 20 23 22 -x 3 5 0 0 0 0 5 -s 1 -l 2 2 1 1 1 1 2
python align_crop_image.py -p D:\image_alignment\test_data\ -i 125 2 8 -y 20 18 28 26 20 23 22 17 -x 3 5 0 0 0 0 5 9 -s 1 -l 2 2 1 1 1 1 2 3
python align_crop_image.py -p D:\image_alignment\test_data\ -i 125 2 9 -y 20 18 28 26 20 23 22 17 27 -x 3 5 0 0 0 0 5 9 1 -s 1 -l 2 2 1 1 1 1 2 3 2",,
126,1,"python align_crop_image.py -p D:\image_alignment\test_data\ -i 126 1 1 -y 28 -x 3 -s 1 -l 2
python align_crop_image.py -p D:\image_alignment\test_data\ -i 126 1 2 -y 28 26 -x 3 0 -s 1 -l 2 3
python align_crop_image.py -p D:\image_alignment\test_data\ -i 126 1 3 -y 28 26 34 -x 3 0 0 -s 1 -l 2 3 2
python align_crop_image.py -p D:\image_alignment\test_data\ -i 126 1 4 -y 28 26 34 30 -x 3 0 0 18 -s 1 -l 2 3 2 2
python align_crop_image.py -p D:\image_alignment\test_data\ -i 126 1 5 -y 28 26 34 30 26 -x 3 0 0 18 6 -s 1 -l 2 3 2 2 2
python align_crop_image.py -p D:\image_alignment\test_data\ -i 126 1 6 -y 28 26 34 30 26 39 -x 3 0 0 18 6 1 -s 1 -l 2 3 2 2 2 1
python align_crop_image.py -p D:\image_alignment\test_data\ -i 126 1 7 -y 28 26 34 30 26 39 28 -x 3 0 0 18 6 1 6 -s 1 -l 2 3 2 2 2 1 2
python align_crop_image.py -p D:\image_alignment\test_data\ -i 126 1 8 -y 28 26 34 30 26 39 28 26 -x 3 0 0 18 6 1 6 9 -s 1 -l 2 3 2 2 2 1 2 3
python align_crop_image.py -p D:\image_alignment\test_data\ -i 126 1 9 -y 28 26 34 30 26 39 28 26 29 -x 3 0 0 18 6 1 6 9 3 -s 1 -l 2 3 2 2 2 1 2 3 2",126_2_2_5_28_2_2.png : detected by Sheikh,
126,2,"python align_crop_image.py -p D:\image_alignment\test_data\ -i 126 2 1 -y 72 -x 3 -s 1 -l 2
python align_crop_image.py -p D:\image_alignment\test_data\ -i 126 2 2 -y 72 70 -x 3 3 -s 1 -l 2 2
python align_crop_image.py -p D:\image_alignment\test_data\ -i 126 2 3 -y 72 70 80 -x 3 3 -5 -s 1 -l 2 2 2
python align_crop_image.py -p D:\image_alignment\test_data\ -i 126 2 4 -y 72 70 80 75 -x 3 3 -5 5 -s 1 -l 2 2 2 1
python align_crop_image.py -p D:\image_alignment\test_data\ -i 126 2 5 -y 72 70 80 75 72 -x 3 3 -5 5 3 -s 1 -l 2 2 2 1 1 -f none -r 187 188 354 280
python align_crop_image.py -p D:\image_alignment\test_data\ -i 126 2 6 -y 72 70 80 75 72 70 -x 3 3 -5 5 3 3 -s 1 -l 2 2 2 1 1 1
python align_crop_image.py -p D:\image_alignment\test_data\ -i 126 2 7 -y 72 70 80 75 72 70 79 -x 3 3 -5 5 3 3 6 -s 1 -l 2 2 2 1 1 1 2
python align_crop_image.py -p D:\image_alignment\test_data\ -i 126 2 8 -y 72 70 80 75 72 70 79 72 -x 3 3 -5 5 3 3 6 9 -s 1 -l 2 2 2 1 1 1 2 3 -f none -r 108 191 270 264
python align_crop_image.py -p D:\image_alignment\test_data\ -i 126 2 9 -y 72 70 80 75 72 70 79 72 73 -x 3 3 -5 5 3 3 6 9 -1 -s 1 -l 2 2 2 1 1 1 2 3 2",,
127,1,"python align_crop_image.py -p D:\image_alignment\test_data\ -i 127 1 1 -y 72 -x 3 -s 1 -l 2
python align_crop_image.py -p D:\image_alignment\test_data\ -i 127 1 2 -y 72 76 -x 3 2 -s 1 -l 2 3
python align_crop_image.py -p D:\image_alignment\test_data\ -i 127 1 3 -y 72 76 83 -x 3 2 -4 -s 1 -l 2 3 1
python align_crop_image.py -p D:\image_alignment\test_data\ -i 127 1 4 -y 72 76 83 78 -x 3 2 -4 2 -s 1 -l 2 3 1 1 -f none -r 151 145 350 260
python align_crop_image.py -p D:\image_alignment\test_data\ -i 127 1 5 -y 72 76 83 78 75 -x 3 2 -4 2 3 -s 1 -l 2 3 1 1 1 -f dnn
python align_crop_image.py -p D:\image_alignment\test_data\ -i 127 1 6 -y 72 76 83 78 75 96 -x 3 2 -4 2 3 2 -s 1 -l 2 3 1 1 1 0 -f dnn
python align_crop_image.py -p D:\image_alignment\test_data\ -i 127 1 7 -y 72 76 83 78 75 96 92 -x 3 2 -4 2 3 2 1 -s 1 -l 2 3 1 1 1 0 2
python align_crop_image.py -p D:\image_alignment\test_data\ -i 127 1 8 -y 72 76 83 78 75 96 92 85 -x 3 2 -4 2 3 2 1 4 -s 1 -l 2 3 1 1 1 0 2 2 -f dnn
python align_crop_image.py -p D:\image_alignment\test_data\ -i 127 1 9 -y 72 76 83 78 75 96 92 85 100 -x 3 2 -4 2 3 2 1 4 -4 -s 1 -l 2 3 1 1 1 0 2 2 1",,
127,2,"python align_crop_image.py -p D:\image_alignment\test_data\ -i 127 2 1 -y 72 -x 1 -s 1 -l 2
python align_crop_image.py -p D:\image_alignment\test_data\ -i 127 2 2 -y 72 75 -x 1 1 -s 1 -l 2 2
python align_crop_image.py -p D:\image_alignment\test_data\ -i 127 2 3 -y 72 75 79 -x 1 1 -3 -s 1 -l 2 2 1
python align_crop_image.py -p D:\image_alignment\test_data\ -i 127 2 4 -y 72 75 79 69 -x 1 1 -3 0 -s 1 -l 2 2 1 1 -f dnn
python align_crop_image.py -p D:\image_alignment\test_data\ -i 127 2 5 -y 72 75 79 69 66 -x 1 1 -3 0 2 -s 1 -l 2 2 1 1 1 -f dnn
python align_crop_image.py -p D:\image_alignment\test_data\ -i 127 2 6 -y 72 75 79 69 66 73 -x 1 1 -3 0 2 -1 -s 1 -l 2 2 1 1 1 1 -f dnn
python align_crop_image.py -p D:\image_alignment\test_data\ -i 127 2 7 -y 72 75 79 69 66 73 84 -x 1 1 -3 0 2 -1 0 -s 1 -l 2 2 1 1 1 1 2
python align_crop_image.py -p D:\image_alignment\test_data\ -i 127 2 8 -y 72 75 79 69 66 73 84 80 -x 1 1 -3 0 2 -1 0 3 -s 1 -l 2 2 1 1 1 1 2 2 -f none -r 99 151 246 240
python align_crop_image.py -p D:\image_alignment\test_data\ -i 127 2 9 -y 72 75 79 69 66 73 84 80 85 -x 1 1 -3 0 2 -1 0 3 1 -s 1 -l 2 2 1 1 1 1 2 2 1 -f dnn",127_2_2_8_100_2_2.png,
128,1,"python align_crop_image.py -p D:\image_alignment\test_data\ -i 128 1 1 -y 82 -x 7 -s 1 -l 2
python align_crop_image.py -p D:\image_alignment\test_data\ -i 128 1 2 -y 82 68 -x 7 7 -s 1 -l 2 2
python align_crop_image.py -p D:\image_alignment\test_data\ -i 128 1 3 -y 82 68 87 -x 7 7 5 -s 1 -l 2 2 1 -f none -r 134 136 300 242   
python align_crop_image.py -p D:\image_alignment\test_data\ -i 128 1 4 -y 82 68 87 85 -x 7 7 5 2 -s 1 -l 2 2 1 1 -f dnn
python align_crop_image.py -p D:\image_alignment\test_data\ -i 128 1 5 -y 82 68 87 85 67 -x 7 7 5 2 0 -s 1 -l 2 2 1 1 1 -f none -r 161 180 315 260
python align_crop_image.py -p D:\image_alignment\test_data\ -i 128 1 6 -y 82 68 87 85 67 81 -x 7 7 5 2 0 -2 -s 1 -l 2 2 1 1 1 1 -f none -r 187 136 334 245
python align_crop_image.py -p D:\image_alignment\test_data\ -i 128 1 7 -y 82 68 87 85 67 81 80 -x 7 7 5 2 0 -2 2 -s 1 -l 2 2 1 1 1 1 2
python align_crop_image.py -p D:\image_alignment\test_data\ -i 128 1 8 -y 82 68 87 85 67 81 80 70 -x 7 7 5 2 0 -2 2 9 -s 1 -l 2 2 1 1 1 1 2 2
python align_crop_image.py -p D:\image_alignment\test_data\ -i 128 1 9 -y 82 68 87 85 67 81 80 70 78 -x 7 7 5 2 0 -2 2 9 3 -s 1 -l 2 2 1 1 1 1 2 2 2","128_1_2_3_1_2_2.png, 
128_1_2_6_189_2_2.png - shifted",
128,2,"python align_crop_image.py -p D:\image_alignment\test_data\ -i 128 2 1 -y 77 -x 5 -s 1 -l 2
python align_crop_image.py -p D:\image_alignment\test_data\ -i 128 2 2 -y 77 70 -x 5 5 -s 1 -l 2 2 -f none -r 135 184 306 270
python align_crop_image.py -p D:\image_alignment\test_data\ -i 128 2 3 -y 77 70 85 -x 5 5 3 -s 1 -l 2 2 1
python align_crop_image.py -p D:\image_alignment\test_data\ -i 128 2 4 -y 77 70 85 72 -x 5 5 3 2 -s 1 -l 2 2 1 1 -f dnn
python align_crop_image.py -p D:\image_alignment\test_data\ -i 128 2 5 -y 77 70 85 72 65 -x 5 5 3 2 0 -s 1 -l 2 2 1 1 1 -f dnn
python align_crop_image.py -p D:\image_alignment\test_data\ -i 128 2 6 -y 77 70 85 72 65 70 -x 5 5 3 2 0 0 -s 1 -l 2 2 1 1 1 1 -f dnn
python align_crop_image.py -p D:\image_alignment\test_data\ -i 128 2 7 -y 77 70 85 72 65 70 85 -x 5 5 3 2 0 0 5 -s 1 -l 2 2 1 1 1 1 2
python align_crop_image.py -p D:\image_alignment\test_data\ -i 128 2 8 -y 77 70 85 72 65 70 85 78 -x 5 5 3 2 0 0 5 7 -s 1 -l 2 2 1 1 1 1 2 3 -f dnn
python align_crop_image.py -p D:\image_alignment\test_data\ -i 128 2 9 -y 77 70 85 72 65 70 85 78 80 -x 5 5 3 2 0 0 5 7 2 -s 1 -l 2 2 1 1 1 1 2 3 1",pos 2 partially blurry,
129,1,"python align_crop_image.py -p D:\image_alignment\test_data\ -i 129 1 1 -y 22 -x 4 -s 1 -l 2 -f none -r 169 152 291 217  
python align_crop_image.py -p D:\image_alignment\test_data\ -i 129 1 2 -y 22 20 -x 4 4 -s 1 -l 2 2
python align_crop_image.py -p D:\image_alignment\test_data\ -i 129 1 3 -y 22 20 24 -x 4 4 2 -s 1 -l 2 2 2
python align_crop_image.py -p D:\image_alignment\test_data\ -i 129 1 4 -y 22 20 24 13 -x 4 4 2 0 -s 1 -l 2 2 2 1
python align_crop_image.py -p D:\image_alignment\test_data\ -i 129 1 5 -y 22 20 24 13 8 -x 4 4 2 0 2 -s 1 -l 2 2 2 1 1
python align_crop_image.py -p D:\image_alignment\test_data\ -i 129 1 6 -y 22 20 24 13 8 15 -x 4 4 2 0 2 -2 -s 1 -l 2 2 2 1 1 1
python align_crop_image.py -p D:\image_alignment\test_data\ -i 129 1 7 -y 22 20 24 13 8 15 23 -x 4 4 2 0 2 -2 4 -s 1 -l 2 2 2 1 1 1 2
python align_crop_image.py -p D:\image_alignment\test_data\ -i 129 1 8 -y 22 20 24 13 8 15 23 20 -x 4 4 2 0 2 -2 4 6 -s 1 -l 2 2 2 1 1 1 2 3 -f dnn
python align_crop_image.py -p D:\image_alignment\test_data\ -i 129 1 9 -y 22 20 24 13 8 15 23 20 26 -x 4 4 2 0 2 -2 4 6 4 -s 1 -l 2 2 2 1 1 1 2 3 2",pos 1 partially blurry,
129,2,"python align_crop_image.py -p D:\image_alignment\test_data\ -i 129 2 1 -y 103 -x 7 -s 1 -l 2
python align_crop_image.py -p D:\image_alignment\test_data\ -i 129 2 2 -y 103 78 -x 7 7 -s 1 -l 2 3
python align_crop_image.py -p D:\image_alignment\test_data\ -i 129 2 3 -y 103 78 89 -x 7 7 1 -s 1 -l 2 3 1
python align_crop_image.py -p D:\image_alignment\test_data\ -i 129 2 4 -y 103 78 89 86 -x 7 7 1 1 -s 1 -l 2 3 1 1 -f dnn
python align_crop_image.py -p D:\image_alignment\test_data\ -i 129 2 5 -y 103 78 89 86 81 -x 7 7 1 1 3 -s 1 -l 2 3 1 1 1 -f dnn
python align_crop_image.py -p D:\image_alignment\test_data\ -i 129 2 6 -y 103 78 89 86 81 80 -x 7 7 1 1 3 2 -s 1 -l 2 3 1 1 1 1 -f dnn
python align_crop_image.py -p D:\image_alignment\test_data\ -i 129 2 7 -y 103 78 89 86 81 80 78 -x 7 7 1 1 3 2 2 -s 1 -l 2 3 1 1 1 1 2
python align_crop_image.py -p D:\image_alignment\test_data\ -i 129 2 8 -y 103 78 89 86 81 80 78 85 -x 7 7 1 1 3 2 2 2 -s 1 -l 2 3 1 1 1 1 2 2
python align_crop_image.py -p D:\image_alignment\test_data\ -i 129 2 9 -y 103 78 89 86 81 80 78 85 81 -x 7 7 1 1 3 2 2 2 -4 -s 1 -l 2 3 1 1 1 1 2 2 1-x 7 7 1 1 3 2 2 2 -4 -s 1 -l 2 3 1 1 1 1 2 2 1",,
130,1,"python align_crop_image.py -p D:\image_alignment\test_data\ -i 130 1 1 -y 77 -x 7  -s 1 -l 2 
python align_crop_image.py -p D:\image_alignment\test_data\ -i 130 1 2 -y 77 65 -x 7 7 -s 1 -l 2 3
python align_crop_image.py -p D:\image_alignment\test_data\ -i 130 1 3 -y 77 65 75 -x 7 7 7 -s 1 -l 2 3 1
python align_crop_image.py -p D:\image_alignment\test_data\ -i 130 1 4 -y 77 65 75 71 -x 7 7 7 5 -s 1 -l 2 3 1 1
python align_crop_image.py -p D:\image_alignment\test_data\ -i 130 1 5 -y 77 65 75 71 70 -x 7 7 7 5 2 -s 1 -l 2 3 1 1 1 -f cnn
python align_crop_image.py -p D:\image_alignment\test_data\ -i 130 1 6 -y 77 65 75 71 70 75 -x 7 7 7 5 0 8 -s 1 -l 2 3 1 1 1 0
python align_crop_image.py -p D:\image_alignment\test_data\ -i 130 1 7 -y 77 65 75 71 70 75 95 -x 7 7 7 5 0 8 8 -s 1 -l 2 3 1 1 1 0 2
python align_crop_image.py -p D:\image_alignment\test_data\ -i 130 1 8 -y 77 65 75 71 70 75 95 78 -x 7 7 7 5 0 8 8 2 -s 1 -l 2 3 1 1 1 0 2 2 -f dnn
python align_crop_image.py -p D:\image_alignment\test_data\ -i 130 1 9 -y 77 65 75 71 70 75 95 78 93 -x 7 7 7 5 0 8 8 2 0 -s 1 -l 2 3 1 1 1 0 2 2 1",,
130,2,"python align_crop_image.py -p D:\image_alignment\test_data\ -i 130 2 1 -y 83 -x 3  -s 1 -l 2 blurry
python align_crop_image.py -p D:\image_alignment\test_data\ -i 130 2 2 -y 83 67 -x 3 6 -s 1 -l 2 2
python align_crop_image.py -p D:\image_alignment\test_data\ -i 130 2 3 -y 83 67 86 -x 3 6 -5 -s 1 -l 2 2 1
python align_crop_image.py -p D:\image_alignment\test_data\ -i 130 2 4 -y 83 67 86 58 -x 3 6 -5 0 -s 1 -l 2 2 1 1
python align_crop_image.py -p D:\image_alignment\test_data\ -i 130 2 5 -y 83 67 86 58 67 -x 3 6 -5 0 2 -s 1 -l 2 2 1 1 1 -f none -r 169 168 322 262
python align_crop_image.py -p D:\image_alignment\test_data\ -i 130 2 6 -y 83 67 86 58 67 88 -x 3 6 -5 0 2 -3 -s 1 -l 2 2 1 1 1 1
python align_crop_image.py -p D:\image_alignment\test_data\ -i 130 2 7 -y 83 67 86 58 67 88 79 -x 3 6 -5 0 2 -3 5 -s 1 -l 2 2 1 1 1 1 2
python align_crop_image.py -p D:\image_alignment\test_data\ -i 130 2 8 -y 83 67 86 58 67 88 79 80 -x 3 6 -5 0 2 -3 5 7 -s 1 -l 2 2 1 1 1 1 2 2
python align_crop_image.py -p D:\image_alignment\test_data\ -i 130 2 9 -y 83 67 86 58 67 88 79 80 78 -x 3 6 -5 0 2 -3 5 7 0 -s 1 -l 2 2 1 1 1 1 2 2 1",Position 1: blurry,
131,1,"python align_crop_image.py -p D:\image_alignment\test_data\ -i 131 1 1 -y 88 -x 4 -s 1 -l 1
python align_crop_image.py -p D:\image_alignment\test_data\ -i 131 1 2 -y 88 80 -x 4 3 -s 1 -l 1 2
python align_crop_image.py -p D:\image_alignment\test_data\ -i 131 1 3 -y 88 80 93 -x 4 3 7 -s 1 -l 1 2 0 -f none -r 123 133 317 245
python align_crop_image.py -p D:\image_alignment\test_data\ -i 131 1 4 -y 88 80 93 90 -x 4 3 7 5 -s 1 -l 1 2 0 0 -f dnn
python align_crop_image.py -p D:\image_alignment\test_data\ -i 131 1 5 -y 88 80 93 90 83 -x 4 3 7 5 8 -s 1 -l 1 2 0 0 0 -f none -r 192 160 365 280 
python align_crop_image.py -p D:\image_alignment\test_data\ -i 131 1 6 -y 88 80 93 90 83 90 -x 4 3 7 5 8 2 -s 1 -l 1 2 0 0 0 0 -f dnn
python align_crop_image.py -p D:\image_alignment\test_data\ -i 131 1 7 -y 88 80 93 90 83 90 91 -x 4 3 7 5 8 2 2 -s 1 -l 1 2 0 0 0 0 2 -f dnn
python align_crop_image.py -p D:\image_alignment\test_data\ -i 131 1 8 -y 88 80 93 90 83 90 91 88 -x 4 3 7 5 8 2 2 5 -s 1 -l 1 2 0 0 0 0 2 3
python align_crop_image.py -p D:\image_alignment\test_data\ -i 131 1 9 -y 88 80 93 90 83 90 91 88 93 -x 4 3 7 5 8 2 2 5 2 -s 1 -l 1 2 0 0 0 0 2 3 2 -f dnn",131_1_2_5_2_2_2.png,
131,2,"python align_crop_image.py -p D:\image_alignment\test_data\ -i 131 2 1 -y 90 -x 4 -s 1 -l 1
python align_crop_image.py -p D:\image_alignment\test_data\ -i 131 2 2 -y 90 88 -x 4 2 -s 1 -l 2 2
python align_crop_image.py -p D:\image_alignment\test_data\ -i 131 2 3 -y 90 88 92 -x 4 2 -6 -s 1 -l 2 2 0 -f dnn
python align_crop_image.py -p D:\image_alignment\test_data\ -i 131 2 4 -y 90 88 92 90 -x 4 2 -6 2 -s 1 -l 2 2 0 1 -f dnn
python align_crop_image.py -p D:\image_alignment\test_data\ -i 131 2 5 -y 90 88 92 90 85 -x 4 2 -6 2 4 -s 1 -l 2 2 0 1 1 -f dnn
python align_crop_image.py -p D:\image_alignment\test_data\ -i 131 2 6 -y 90 88 92 90 85 82 -x 4 2 -6 2 4 -2 -s 1 -l 2 2 0 1 1 1 -f dnn
python align_crop_image.py -p D:\image_alignment\test_data\ -i 131 2 7 -y 90 88 92 90 85 82 78 -x 4 2 -6 2 4 -2 3 -s 1 -l 2 2 0 1 1 1 1
python align_crop_image.py -p D:\image_alignment\test_data\ -i 131 2 8 -y 90 88 92 90 85 82 78 78 -x 4 2 -6 2 4 -2 3 9 -s 1 -l 2 2 0 1 1 1 2 3
python align_crop_image.py -p D:\image_alignment\test_data\ -i 131 2 9 -y 90 88 92 90 85 82 78 78 80 -x 4 2 -6 2 4 -2 3 9 2 -s 1 -l 2 2 0 1 1 1 2 3 3 -f dnn",,
132,1,"python align_crop_image.py -p D:\image_alignment\test_data\ -i 132 1 1 -y 73 -x 5 -s 1 -l 2
python align_crop_image.py -p D:\image_alignment\test_data\ -i 132 1 2 -y 73 58 -x 5 9 -s 1 -l 2 3
python align_crop_image.py -p D:\image_alignment\test_data\ -i 132 1 3 -y 73 58 77 -x 5 9 1 -s 1 -l 2 3 1 -f dnn
python align_crop_image.py -p D:\image_alignment\test_data\ -i 132 1 4 -y 73 58 77 67 -x 5 9 1 8 -s 1 -l 2 3 1 1 -f dnn
python align_crop_image.py -p D:\image_alignment\test_data\ -i 132 1 5 -y 73 58 77 67 72 -x 5 9 1 8 -10 -s 1 -l 2 3 1 1 1 -f dnn
python align_crop_image.py -p D:\image_alignment\test_data\ -i 132 1 6 -y 73 58 77 67 72 87 -x 5 9 1 8 -10 -2 -s 1 -l 2 3 1 1 1 2 -f none -r 180 150 360 260
python align_crop_image.py -p D:\image_alignment\test_data\ -i 132 1 7 -y 73 58 77 67 72 87 103 -x 5 9 1 8 -10 -2 -28 -s 1 -l 2 3 1 1 1 2 2
python align_crop_image.py -p D:\image_alignment\test_data\ -i 132 1 8 -y 73 58 77 67 72 87 103 62 -x 5 9 1 8 -10 -2 -28 7 -s 1 -l 2 3 1 1 1 2 1 1 -f dnn
python align_crop_image.py -p D:\image_alignment\test_data\ -i 132 1 9 -y 73 58 77 67 72 87 103 62 78 -x 5 9 1 8 -10 -2 -28 7 1 -s 1 -l 2 3 1 1 1 2 1 1 1 -f dnn",,
132,2,"python align_crop_image.py -p D:\image_alignment\test_data\ -i 132 2 1 -y 70 -x 4 -s 1 -l 2 
python align_crop_image.py -p D:\image_alignment\test_data\ -i 132 2 2 -y 70 51 -x 4 9 -s 1 -l 2 3
python align_crop_image.py -p D:\image_alignment\test_data\ -i 132 2 3 -y 70 51 76 -x 4 9 2 -s 1 -l 2 3 2
python align_crop_image.py -p D:\image_alignment\test_data\ -i 132 2 4 -y 70 51 76 68 -x 4 9 2 5 -s 1 -l 2 3 2 1 -f dnn
python align_crop_image.py -p D:\image_alignment\test_data\ -i 132 2 5 -y 70 51 76 68 61 -x 4 9 2 5 5 -s 1 -l 2 3 2 1 1 -f dnn
python align_crop_image.py -p D:\image_alignment\test_data\ -i 132 2 6 -y 70 51 76 68 61 66 -x 4 9 2 5 5 1 -s 0 -l 2 3 2 1 1 1 -f none -r 200 130 340 235
python align_crop_image.py -p D:\image_alignment\test_data\ -i 132 2 7 -y 70 51 76 68 61 66 80 -x 4 9 2 5 5 1 3 -s 1 -l 2 3 2 2 1 1 1
python align_crop_image.py -p D:\image_alignment\test_data\ -i 132 2 8 -y 70 51 76 68 61 66 80 70 -x 4 9 2 5 5 1 3 2 -s 1 -l 2 3 2 2 1 1 1 2 -f dnn
python align_crop_image.py -p D:\image_alignment\test_data\ -i 132 2 9 -y 70 51 76 68 61 66 80 70 80 -x 4 9 2 5 5 1 3 2 -4 -s 1 -l 2 3 2 2 1 1 1 2 1 -f none -r 120 110 280 220",,
133,1,"python align_crop_image.py -p D:\image_alignment\test_data\ -i 133 1 1 -y 76 -x 5 -s 1 -l 2
python align_crop_image.py -p D:\image_alignment\test_data\ -i 133 1 2 -y 76 76 -x 5 5 -s 1 -l 2 2
python align_crop_image.py -p D:\image_alignment\test_data\ -i 133 1 3 -y 76 76 86 -x 5 5 2 -s 1 -l 2 2 0
python align_crop_image.py -p D:\image_alignment\test_data\ -i 133 1 4 -y 76 76 86 78 -x 5 5 2 1 -s 1 -l 2 2 0 2 -f none -r 186 155 350 240
python align_crop_image.py -p D:\image_alignment\test_data\ -i 133 1 5 -y 76 76 86 78 70 -x 5 5 2 1 2 -s 1 -l 2 2 0 2 2 -f none -r 184 155 345 270
python align_crop_image.py -p D:\image_alignment\test_data\ -i 133 1 6 -y 76 76 86 78 70 88 -x 5 5 2 1 2 0 -s 1 -l 2 2 0 2 2 2 -f none -r 178 140 360 245
python align_crop_image.py -p D:\image_alignment\test_data\ -i 133 1 7 -y 76 76 86 78 70 88 93 -x 5 5 2 1 2 0 2 -s 1 -l 2 2 0 2 2 2 2 -f none -r 80 170 270 260
python align_crop_image.py -p D:\image_alignment\test_data\ -i 133 1 8 -y 76 76 86 78 70 88 93 90 -x 5 5 2 1 2 0 2 5 -s 1 -l 2 2 0 2 2 2 2 2 -f dnn
python align_crop_image.py -p D:\image_alignment\test_data\ -i 133 1 9 -y 76 76 86 78 70 88 93 90 92 -x 5 5 2 1 2 0 2 5 2 -s 0 -l 2 2 0 2 2 2 2 2 2 -f none -r 60 155 250 250",,
133,2,"python align_crop_image.py -p D:\image_alignment\test_data\ -i 133 2 1 -y 65 -x 6 -s 1 -l 2
python align_crop_image.py -p D:\image_alignment\test_data\ -i 133 2 2 -y 65 62 -x 6 5 -s 1 -l 2 2
python align_crop_image.py -p D:\image_alignment\test_data\ -i 133 2 3 -y 65 62 82 -x 6 5 -3 -s 1 -l 2 2 0
python align_crop_image.py -p D:\image_alignment\test_data\ -i 133 2 4 -y 65 62 82 70 -x 6 5 -3 3 -s 1 -l 2 2 0 1
python align_crop_image.py -p D:\image_alignment\test_data\ -i 133 2 5 -y 65 62 82 70 65 -x 6 5 -3 3 7 -s 0 -l 2 2 0 1 1 -f none -r 235 160 385 260
python align_crop_image.py -p D:\image_alignment\test_data\ -i 133 2 6 -y 68 62 82 70 65 68 -x 6 5 -3 3 7 0 -s 1 -l 2 2 0 1 1 2 -f none -r 175 118 360 225
python align_crop_image.py -p D:\image_alignment\test_data\ -i 133 2 7 -y 65 62 82 70 65 68 84 -x 6 5 -3 3 7 0 4 -s 1 -l 2 2 0 1 1 2 2
python align_crop_image.py -p D:\image_alignment\test_data\ -i 133 2 8 -y 65 62 82 70 65 68 84 77 -x 6 5 -3 3 7 0 4 5 -s 1 -l 2 2 0 1 1 2 2 2 -f none -r 85 165 250 270
python align_crop_image.py -p D:\image_alignment\test_data\ -i 133 2 9 -y 65 62 82 70 65 68 84 77 90 -x 6 5 -3 3 7 0 4 5 3 -s 1 -l 2 2 0 1 1 2 2 2 2 -f none -r 56 140 232 255",,
134,1,"python align_crop_image.py -p D:\image_alignment\test_data\ -i 134 1 1 -y 14 -x 5 -s 1 -l 2
python align_crop_image.py -p D:\image_alignment\test_data\ -i 134 1 2 -y 14 8 -x 5 0 -s 1 -l 2 3
python align_crop_image.py -p D:\image_alignment\test_data\ -i 134 1 3 -y 14 8 20 -x 5 0 -2 -s 1 -l 2 3 1
python align_crop_image.py -p D:\image_alignment\test_data\ -i 134 1 4 -y 14 8 20 22 -x 5 0 2 -2 -s 1 -l 2 3 1 1
python align_crop_image.py -p D:\image_alignment\test_data\ -i 134 1 5 -y 14 8 20 22 15 -x 5 0 2 -2 2 -s 1 -l 2 3 1 1 2
python align_crop_image.py -p D:\image_alignment\test_data\ -i 134 1 6 -y 14 8 20 22 15 22 -x 5 0 2 -2 2 2 -s 1 -l 2 3 1 1 2 1
python align_crop_image.py -p D:\image_alignment\test_data\ -i 134 1 7 -y 14 8 20 22 15 22 10 -x 5 0 2 -2 2 2 0 -s 1 -l 2 3 1 1 2 1 2 -f none -r 131 177 255 250
python align_crop_image.py -p D:\image_alignment\test_data\ -i 134 1 8 -y 14 8 20 22 15 22 10 7 -x 5 0 2 -2 2 2 0 2 -s 1 -l 2 3 1 1 2 1 2 2 -f none -r 121 162 239 227
python align_crop_image.py -p D:\image_alignment\test_data\ -i 134 1 9 -y 14 8 20 22 15 22 10 7 20 -x 5 0 2 -2 2 2 0 2 0 -s 1 -l 2 3 1 1 2 1 2 2 2",,
134,2,"python align_crop_image.py -p D:\image_alignment\test_data\ -i 134 2 1 -y 76 -x 5 -s 1 -l 2
python align_crop_image.py -p D:\image_alignment\test_data\ -i 134 2 2 -y 76 65 -x 5 3 -s 1 -l 2 3
python align_crop_image.py -p D:\image_alignment\test_data\ -i 134 2 3 -y 76 65 87 -x 5 3 -7 -s 1 -l 2 3 1
python align_crop_image.py -p D:\image_alignment\test_data\ -i 134 2 4 -y 76 65 87 80 -x 5 3 -7 3 -s 1 -l 2 3 1 1
python align_crop_image.py -p D:\image_alignment\test_data\ -i 134 2 5 -y 76 65 87 80 70 -x 5 3 -7 3 3 -s 1 -l 2 3 1 1 1
python align_crop_image.py -p D:\image_alignment\test_data\ -i 134 2 6 -y 76 65 87 80 70 94 -x 5 3 -7 3 3 -10 -s 1 -l 2 3 1 1 1 1
python align_crop_image.py -p D:\image_alignment\test_data\ -i 134 2 7 -y 76 65 87 80 70 94 87 -x 5 3 -7 3 3 -10 5 -s 1 -l 2 3 1 1 1 1 2
python align_crop_image.py -p D:\image_alignment\test_data\ -i 134 2 8 -y 76 65 87 80 70 94 87 70 -x 5 3 -7 3 3 -10 5 2 -s 1 -l 2 3 1 1 1 1 2 2 -f none -r 118 200 277 290
python align_crop_image.py -p D:\image_alignment\test_data\ -i 134 2 9 -y 76 65 87 80 70 94 87 70 90 -x 5 3 -7 3 3 -10 5 2 2 -s 1 -l 2 3 1 1 1 1 2 2 2",,
135,1,"python align_crop_image.py -p D:\image_alignment\test_data\ -i 135 1 1 -y 105 -x 5 -s 1 -l 2
python align_crop_image.py -p D:\image_alignment\test_data\ -i 135 1 2 -y 105 88 -x 5 5 -s 1 -l 2 3
python align_crop_image.py -p D:\image_alignment\test_data\ -i 135 1 3 -y 105 88 115 -x 5 5 -6 -s 1 -l 2 3 1
python align_crop_image.py -p D:\image_alignment\test_data\ -i 135 1 4 -y 105 88 115 108 -x 5 5 -6 5 -s 1 -l 2 3 1 1
python align_crop_image.py -p D:\image_alignment\test_data\ -i 135 1 5 -y 105 88 115 108 97 -x 5 5 -6 5 5 -s 1 -l 2 3 1 1 1 -f dnn
python align_crop_image.py -p D:\image_alignment\test_data\ -i 135 1 6 -y 105 88 115 108 97 108 -x 5 5 -6 5 5 2 -s 1 -l 2 3 1 1 1 1 -f dnn
python align_crop_image.py -p D:\image_alignment\test_data\ -i 135 1 7 -y 105 88 115 108 97 108 95 -x 5 5 -6 5 5 2 5 -s 1 -l 2 3 1 1 1 1 2
python align_crop_image.py -p D:\image_alignment\test_data\ -i 135 1 8 -y 105 88 115 108 97 108 95 98 -x 5 5 -6 5 5 2 5 7 -s 1 -l 2 3 1 1 1 1 2 2 -f none -r 113 205 288 295
python align_crop_image.py -p D:\image_alignment\test_data\ -i 135 1 9 -y 105 88 115 108 97 108 95 98 102 -x 5 5 -6 5 5 2 5 7 2 -s 1 -l 2 3 1 1 1 1 2 2 2",,
135,2,"python align_crop_image.py -p D:\image_alignment\test_data\ -i 135 2 1 -y 28 -x 5 -s 1 -l 2
python align_crop_image.py -p D:\image_alignment\test_data\ -i 135 2 2 -y 28 25 -x 5 7 -s 1 -l 2 3
python align_crop_image.py -p D:\image_alignment\test_data\ -i 135 2 3 -y 28 25 40 -x 5 7 -3 -s 1 -l 2 3 2
python align_crop_image.py -p D:\image_alignment\test_data\ -i 135 2 4 -y 28 25 40 35 -x 5 7 -3 -2 -s 1 -l 2 3 2 1
python align_crop_image.py -p D:\image_alignment\test_data\ -i 135 2 5 -y 28 25 40 35 30 -x 5 7 -3 -2 0 -s 1 -l 2 3 2 1 1
python align_crop_image.py -p D:\image_alignment\test_data\ -i 135 2 6 -y 28 25 40 35 30 27 -x 5 7 -3 -2 0 -2 -s 1 -l 2 3 2 1 1 1
python align_crop_image.py -p D:\image_alignment\test_data\ -i 135 2 7 -y 28 25 40 35 30 27 40 -x 5 7 -3 -2 0 -2 5 -s 1 -l 2 3 2 1 1 1 2
python align_crop_image.py -p D:\image_alignment\test_data\ -i 135 2 8 -y 28 25 40 35 30 27 40 27 -x 5 7 -3 -2 0 -2 5 5 -s 1 -l 2 3 2 1 1 1 2 3
python align_crop_image.py -p D:\image_alignment\test_data\ -i 135 2 9 -y 28 25 40 35 30 27 40 27 35 -x 5 7 -3 -2 0 -2 5 5 3 -s 0 -l 2 3 2 1 1 1 2 3 2",,
136,1,"python align_crop_image.py -p D:\image_alignment\test_data\ -i 136 1 1 -y 95 -x 5 -s 1 -l 2
python align_crop_image.py -p D:\image_alignment\test_data\ -i 136 1 2 -y 95 85 -x 5 1 -s 1 -l 2 2
python align_crop_image.py -p D:\image_alignment\test_data\ -i 136 1 3 -y 95 85 110 -x 5 1 -4 -s 1 -l 2 2 1
python align_crop_image.py -p D:\image_alignment\test_data\ -i 136 1 4 -y 95 85 110 88 -x 5 1 -4 5 -s 1 -l 2 2 1 1
python align_crop_image.py -p D:\image_alignment\test_data\ -i 136 1 5 -y 95 85 110 88 80 -x 5 1 -4 5 2 -s 1 -l 2 2 1 1 1 -f none -r 180 185 340 275
python align_crop_image.py -p D:\image_alignment\test_data\ -i 136 1 6 -y 95 85 110 88 80 97 -x 5 1 -4 5 2 -1 -s 1 -l 2 2 1 1 1 0 -f dnn
python align_crop_image.py -p D:\image_alignment\test_data\ -i 136 1 7 -y 95 85 110 88 80 97 84 -x 5 1 -4 5 2 -1 2 -s 1 -l 2 2 1 1 1 0 2
python align_crop_image.py -p D:\image_alignment\test_data\ -i 136 1 8 -y 95 85 110 88 80 97 88 80 -x 5 1 -4 5 2 -1 2 2 -s 1 -l 2 2 1 1 1 1 2 3
python align_crop_image.py -p D:\image_alignment\test_data\ -i 136 1 9 -y 95 85 110 88 80 97 88 80 90 -x 5 1 -4 5 2 -1 2 2 -2 -s 1 -l 2 2 1 1 1 1 2 3 2",136_1_2_5_82_2_2.png,
136,2,"python align_crop_image.py -p D:\image_alignment\test_data\ -i 136 2 1 -y 75 -x 2 -s 1 -l 2
python align_crop_image.py -p D:\image_alignment\test_data\ -i 136 2 2 -y 75 65 -x 2 5 -s 0 -l 2 3
python align_crop_image.py -p D:\image_alignment\test_data\ -i 136 2 3 -y 75 65 75 -x 2 5 -5 -s 0 -l 2 3 2
python align_crop_image.py -p D:\image_alignment\test_data\ -i 136 2 4 -y 75 65 75 74 -x 2 5 -5 2 -s 0 -l 2 3 2 1
python align_crop_image.py -p D:\image_alignment\test_data\ -i 136 2 5 -y 75 65 75 74 74 -x 2 5 -5 2 3 -s 0 -l 2 3 2 1 1
python align_crop_image.py -p D:\image_alignment\test_data\ -i 136 2 6 -y 75 65 75 74 74 83 -x 2 5 -5 2 3 -4 -s 0 -l 2 3 2 1 1 1
python align_crop_image.py -p D:\image_alignment\test_data\ -i 136 2 7 -y 75 65 75 74 74 83 73 -x 2 5 -5 2 3 -4 5 -s 0 -l 2 3 2 1 1 1 2
python align_crop_image.py -p D:\image_alignment\test_data\ -i 136 2 8 -y 75 65 75 74 74 83 73 72 -x 2 5 -5 2 3 -4 5 6 -s 1 -l 2 3 2 1 1 1 2 3
python align_crop_image.py -p D:\image_alignment\test_data\ -i 136 2 9 -y 75 65 75 74 74 83 73 72 68 -x 2 5 -5 2 3 -4 5 6 2 -s 0 -l 2 3 2 1 1 1 2 3 2",,
137,1,"python align_crop_image.py -p D:\image_alignment\test_data\ -i 137 1 1 -y 62 -x 5 -s 1 -l 2
python align_crop_image.py -p D:\image_alignment\test_data\ -i 137 1 2 -y 62 52 -x 5 3 -s 1 -l 2 2
python align_crop_image.py -p D:\image_alignment\test_data\ -i 137 1 3 -y 62 52 58 -x 5 3 -6 -s 1 -l 2 2 1
python align_crop_image.py -p D:\image_alignment\test_data\ -i 137 1 4 -y 62 52 58 75 -x 5 3 -6 2 -s 1 -l 2 2 1 0 -f dnn
python align_crop_image.py -p D:\image_alignment\test_data\ -i 137 1 5 -y 62 52 58 75 58 -x 5 3 -6 2 2 -s 1 -l 2 2 1 0 1 -f none -r 180 164 357 257
python align_crop_image.py -p D:\image_alignment\test_data\ -i 137 1 6 -y 62 52 58 75 58 68 -x 5 3 -6 2 2 3 -s 1 -l 2 2 1 0 1 1 -f dnn
python align_crop_image.py -p D:\image_alignment\test_data\ -i 137 1 7 -y 62 52 58 75 58 68 63 -x 5 3 -6 2 2 3 2 -s 1 -l 2 2 1 0 1 1 2
python align_crop_image.py -p D:\image_alignment\test_data\ -i 137 1 8 -y 62 52 58 75 58 68 63 58 -x 5 3 -6 2 2 3 2 7 -s 1 -l 2 2 1 0 1 1 2 2
python align_crop_image.py -p D:\image_alignment\test_data\ -i 137 1 9 -y 62 52 58 75 58 68 63 58 63 -x 5 3 -6 2 2 3 2 7 1 -s 1 -l 2 2 1 0 1 1 2 2 1",,
137,2,"python align_crop_image.py -p D:\image_alignment\test_data\ -i 137 2 1 -y 58 -x 2 -s 1 -l 2
python align_crop_image.py -p D:\image_alignment\test_data\ -i 137 2 2 -y 58 56 -x 2 2 -s 1 -l 2 2
python align_crop_image.py -p D:\image_alignment\test_data\ -i 137 2 3 -y 58 56 57 -x 2 2 0 -s 1 -l 2 2 1
python align_crop_image.py -p D:\image_alignment\test_data\ -i 137 2 4 -y 58 56 57 65 -x 2 2 0 1 -s 1 -l 2 2 1 1
python align_crop_image.py -p D:\image_alignment\test_data\ -i 137 2 5 -y 58 56 57 65 57 -x 2 2 0 1 2 -s 1 -l 2 2 1 1 1
python align_crop_image.py -p D:\image_alignment\test_data\ -i 137 2 6 -y 58 56 57 65 57 60 -x 2 2 0 1 2 2 -s 1 -l 2 2 1 1 1 0
python align_crop_image.py -p D:\image_alignment\test_data\ -i 137 2 7 -y 58 56 57 65 57 60 58 -x 2 2 0 1 2 2 5 -s 1 -l 2 2 1 1 1 0 2
python align_crop_image.py -p D:\image_alignment\test_data\ -i 137 2 8 -y 58 56 57 65 57 60 58 57 -x 2 2 0 1 2 2 5 7 -s 1 -l 2 2 1 1 1 0 2 2
python align_crop_image.py -p D:\image_alignment\test_data\ -i 137 2 9 -y 58 56 57 65 57 60 58 57 60 -x 2 2 0 1 2 2 5 7 3 -s 1 -l 2 2 1 1 1 0 2 2 1",,
138,1,"python align_crop_image.py -p D:\image_alignment\test_data\ -i 138 1 1 -y 72 -x 2 -s 1 -l 1
python align_crop_image.py -p D:\image_alignment\test_data\ -i 138 1 2 -y 72 68 -x 2 2 -s 1 -l 1 2
python align_crop_image.py -p D:\image_alignment\test_data\ -i 138 1 3 -y 72 68 84 -x 2 2 -5 -s 1 -l 1 2 0
python align_crop_image.py -p D:\image_alignment\test_data\ -i 138 1 4 -y 72 68 84 75 -x 2 2 -5 2 -s 1 -l 1 2 0 1 -f dnn
python align_crop_image.py -p D:\image_alignment\test_data\ -i 138 1 5 -y 72 68 84 75 67 -x 2 2 -5 2 2 -s 1 -l 1 2 0 1 1
python align_crop_image.py -p D:\image_alignment\test_data\ -i 138 1 6 -y 72 68 84 75 67 76 -x 2 2 -5 2 2 4 -s 1 -l 1 2 0 1 1 1 -f dnn
python align_crop_image.py -p D:\image_alignment\test_data\ -i 138 1 7 -y 72 68 84 75 67 76 74 -x 2 2 -5 2 2 4 5 -s 1 -l 1 2 0 1 1 0 2
python align_crop_image.py -p D:\image_alignment\test_data\ -i 138 1 8 -y 72 68 84 75 67 76 74 69 -x 2 2 -5 2 2 4 5 6 -s 1 -l 1 2 0 1 1 0 2 3
python align_crop_image.py -p D:\image_alignment\test_data\ -i 138 1 9 -y 72 68 84 75 67 76 74 69 70 -x 2 2 -5 2 2 4 5 6 3 -s 1 -l 1 2 0 1 1 0 2 3 2 -f dnn",,
138,2,"python align_crop_image.py -p D:\image_alignment\test_data\ -i 138 2 1 -y 53 -x 2 -s 1 -l 1
python align_crop_image.py -p D:\image_alignment\test_data\ -i 138 2 2 -y 53 52 -x 2 2 -s 1 -l 1 2
python align_crop_image.py -p D:\image_alignment\test_data\ -i 138 2 3 -y 53 52 64 -x 2 2 -4 -s 0 -l 1 2 0 -f none -r 154 124 310 206
python align_crop_image.py -p D:\image_alignment\test_data\ -i 138 2 4 -y 53 52 64 67 -x 2 2 -4 2 -s 1 -l 1 2 0 1 -f dnn
python align_crop_image.py -p D:\image_alignment\test_data\ -i 138 2 5 -y 53 52 64 67 56 -x 2 2 -4 2 1 -s 1 -l 1 2 0 1 1
python align_crop_image.py -p D:\image_alignment\test_data\ -i 138 2 6 -y 53 52 64 67 56 65 -x 2 2 -4 2 1 2 -s 1 -l 1 2 0 1 1 1 -f dnn
python align_crop_image.py -p D:\image_alignment\test_data\ -i 138 2 7 -y 53 52 64 67 56 65 62 -x 2 2 -4 2 1 2 2 -s 1 -l 1 2 0 1 1 1 2
python align_crop_image.py -p D:\image_alignment\test_data\ -i 138 2 8 -y 53 52 64 67 56 65 62 59 -x 2 2 -4 2 1 2 2 2 -s 1 -l 1 2 0 1 1 1 2 3 -f dnn
python align_crop_image.py -p D:\image_alignment\test_data\ -i 138 2 9 -y 53 52 64 67 56 65 62 59 70 -x 2 2 -4 2 1 2 2 2 2 -s 1 -l 1 2 0 1 1 1 2 3 2 -f dnn",,
139,1,"python align_crop_image.py -p D:\image_alignment\test_data\ -i 139 1 1 -y 77 -x 2 -s 1 -l 2
python align_crop_image.py -p D:\image_alignment\test_data\ -i 139 1 2 -y 77 75 -x 2 2 -s 1 -l 2 3 
python align_crop_image.py -p D:\image_alignment\test_data\ -i 139 1 3 -y 77 75 83 -x 2 2 1 -s 1 -l 2 3 2
python align_crop_image.py -p D:\image_alignment\test_data\ -i 139 1 4 -y 77 75 83 76 -x 2 2 1 2 -s 1 -l 2 3 2 3 -f none -r 180 160 340 250
python align_crop_image.py -p D:\image_alignment\test_data\ -i 139 1 5 -y 77 75 83 76 76 -x 2 2 1 2 6 -s 1 -l 2 3 2 3 2 -f dnn
python align_crop_image.py -p D:\image_alignment\test_data\ -i 139 1 6 -y 77 75 83 76 76 78 -x 2 2 1 2 6 0 -s 1 -l 2 3 2 3 2 2 -f dnn
python align_crop_image.py -p D:\image_alignment\test_data\ -i 139 1 7 -y 77 75 83 76 76 78 86 -x 2 2 1 2 6 0 2 -s 1 -l 2 3 2 3 2 2 2
python align_crop_image.py -p D:\image_alignment\test_data\ -i 139 1 8 -y 77 75 83 76 76 78 86 75 -x 2 2 1 2 6 0 2 2 -s 1 -l 2 3 2 3 2 2 2 2 -f none -r 123 160 279 265
python align_crop_image.py -p D:\image_alignment\test_data\ -i 139 1 9 -y 77 75 83 76 76 78 86 75 90 -x 2 2 1 2 6 0 2 2 -3 -s 1 -l 2 3 2 3 2 2 2 2 2",,
139,2,"python align_crop_image.py -p D:\image_alignment\test_data\ -i 139 2 1 -y 67 -x 2 -s 1 -l 2
python align_crop_image.py -p D:\image_alignment\test_data\ -i 139 2 2 -y 67 67 -x 2 2 -s 1 -l 2 3 -f dnn
python align_crop_image.py -p D:\image_alignment\test_data\ -i 139 2 3 -y 67 67 80 -x 2 2 -2 -s 1 -l 2 3 2
python align_crop_image.py -p D:\image_alignment\test_data\ -i 139 2 4 -y 67 67 80 80 -x 2 2 -2 6 -s 1 -l 2 3 2 2 -f none -r 233 163 382 260
python align_crop_image.py -p D:\image_alignment\test_data\ -i 139 2 5 -y 67 67 80 80 78 -x 2 2 -2 6 4 -s 1 -l 2 3 2 2 4 -f none -r 210 180 370 270
python align_crop_image.py -p D:\image_alignment\test_data\ -i 139 2 6 -y 67 67 80 80 78 79 -x 2 2 -2 6 4 0 -s 1 -l 2 3 2 2 2 3 -f none -r 190 160 370 280
python align_crop_image.py -p D:\image_alignment\test_data\ -i 139 2 7 -y 67 67 80 80 78 79 87 -x 2 2 -2 6 4 0 5 -s 1 -l 2 3 2 2 2 3 2 -f none -r 79 170 238 270
python align_crop_image.py -p D:\image_alignment\test_data\ -i 139 2 8 -y 67 67 80 80 78 79 87 83 -x 2 2 -2 6 4 0 5 5 -s 1 -l 2 3 2 2 2 3 2 2 -f none -r 70 172 224 275 
python align_crop_image.py -p D:\image_alignment\test_data\ -i 139 2 9 -y 67 67 80 80 78 79 87 83 98 -x 2 2 -2 6 4 0 5 5 5 -s 1 -l 2 3 2 2 2 3 2 2 2 -f dnn","position 8 too small number of frames
139_2_2_5_133_2_2.png - shifted",
140,1,"python align_crop_image.py -p D:\image_alignment\test_data\ -i 140 1 1 -y 72 -x 2 -s 1 -l 2 -f none -r 132 165 292 270
python align_crop_image.py -p D:\image_alignment\test_data\ -i 140 1 2 -y 72 65 -x 2 5 -s 1 -l 2 2 -f none -r 140 171 300 280
python align_crop_image.py -p D:\image_alignment\test_data\ -i 140 1 3 -y 72 65 78 -x 2 5 0 -s 1 -l 2 2 2 -f none -r 130 140 310 255
python align_crop_image.py -p D:\image_alignment\test_data\ -i 140 1 4 -y 72 65 78 82 -x 2 5 0 4 -s 1 -l 2 2 2 2 -f none -r 160 185 340 290
python align_crop_image.py -p D:\image_alignment\test_data\ -i 140 1 5 -y 72 65 78 82 78 -x 2 5 0 4 5 -s 1 -l 2 2 2 2 2 -f none -r 170 182 330 289
python align_crop_image.py -p D:\image_alignment\test_data\ -i 140 1 6 -y 72 65 78 82 78 89 -x 2 5 0 4 5 -1 -s 1 -l 2 2 2 2 2 2 -f none -r 164 155 327 265
python align_crop_image.py -p D:\image_alignment\test_data\ -i 140 1 7 -y 72 65 78 82 78 89 84 -x 2 5 0 4 5 -1 2 -s 1 -l 2 2 2 2 2 2 2 -f none -r 85 180 240 280
python align_crop_image.py -p D:\image_alignment\test_data\ -i 140 1 8 -y 72 65 78 82 78 89 84 78 -x 2 5 0 4 5 -1 2 4 -s 1 -l 2 2 2 2 2 2 2 2 -f none -r 80 188 230 285
python align_crop_image.py -p D:\image_alignment\test_data\ -i 140 1 9 -y 72 65 78 82 78 89 84 78 90 -x 2 5 0 4 5 -1 2 4 1 -s 1 -l 2 2 2 2 2 2 2 2 2 -f none -r 80 155 240 260",,
140,2,"python align_crop_image.py -p D:\image_alignment\test_data\ -i 140 2 1 -y 71 -x 5 -s 1 -l 2 -f none -r 118 166 317 278
python align_crop_image.py -p D:\image_alignment\test_data\ -i 140 2 2 -y 71 64 -x 5 1 -s 0 -l 2 2 -f none -r 133 160 290 255
python align_crop_image.py -p D:\image_alignment\test_data\ -i 140 2 3 -y 71 64 85 -x 5 1 2 -s 0 -l 2 2 2 -f none -r 138 145 310 245
python align_crop_image.py -p D:\image_alignment\test_data\ -i 140 2 4 -y 71 64 85 80 -x 5 1 2 5 -s 0 -l 2 2 2 2 -f none -r 186 180 359 290
python align_crop_image.py -p D:\image_alignment\test_data\ -i 140 2 5 -y 71 64 85 80 72 -x 5 1 2 5 4 -s 0 -l 2 2 2 2 2 -f none -r 198 178 360 280
python align_crop_image.py -p D:\image_alignment\test_data\ -i 140 2 6 -y 71 64 85 80 72 78 -x 5 1 2 5 4 0 -s 0 -l 2 2 2 2 2 2 -f none -r 179 155 340 265
python align_crop_image.py -p D:\image_alignment\test_data\ -i 140 2 7 -y 71 64 85 80 72 78 76 -x 5 1 2 5 4 0 5 -s 0 -l 2 2 2 2 2 2 2 -f none -r 100 160 300 290  
python align_crop_image.py -p D:\image_alignment\test_data\ -i 140 2 8 -y 71 64 85 80 72 78 76 67 -x 5 1 2 5 4 0 5 5 -s 0 -l 2 2 2 2 2 2 2 2 -f none  -r 116 180 277 270
python align_crop_image.py -p D:\image_alignment\test_data\ -i 140 2 9 -y 71 64 85 80 72 78 76 67 73 -x 5 1 2 5 4 0 5 5 1 -s 0 -l 2 2 2 2 2 2 2 2 2 -f none -r 138 145 311 245","7 blurry, 8 partially blurry",
141,1,"python align_crop_image.py -p D:\image_alignment\test_data\ -i 141 1 1 -y 28 -x 2 -s 0 -l 2
python align_crop_image.py -p D:\image_alignment\test_data\ -i 141 1 2 -y 28 23 -x 2 2 -s 0 -l 2 2
python align_crop_image.py -p D:\image_alignment\test_data\ -i 141 1 3 -y 28 23 32 -x 2 2 2 -s 0 -l 2 2 1
python align_crop_image.py -p D:\image_alignment\test_data\ -i 141 1 4 -y 28 23 32 35 -x 2 2 2 2 -s 0 -l 2 2 1 1
python align_crop_image.py -p D:\image_alignment\test_data\ -i 141 1 5 -y 28 23 32 35 26 -x 2 2 2 2 2 -s 0 -l 2 2 1 1 1
python align_crop_image.py -p D:\image_alignment\test_data\ -i 141 1 6 -y 28 23 32 35 26 28 -x 2 2 2 2 2 2 -s 0 -l 2 2 1 1 1 0
python align_crop_image.py -p D:\image_alignment\test_data\ -i 141 1 7 -y 28 23 32 35 26 28 38 -x 2 2 2 2 2 2 5 -s 0 -l 2 2 1 1 1 0 2
python align_crop_image.py -p D:\image_alignment\test_data\ -i 141 1 8 -y 28 23 32 35 26 28 38 28 -x 2 2 2 2 2 2 5 4 -s 0 -l 2 2 1 1 1 0 2 2
python align_crop_image.py -p D:\image_alignment\test_data\ -i 141 1 9 -y 28 23 32 35 26 28 38 28 42 -x 2 2 2 2 2 2 5 4 1 -s 0 -l 2 2 1 1 1 0 2 2 1",,
141,2,"python align_crop_image.py -p D:\image_alignment\test_data\ -i 141 2 1 -y 12 -x -2 -s 1 -l 2 
python align_crop_image.py -p D:\image_alignment\test_data\ -i 141 2 2 -y 12 10 -x -2 2 -s 1 -l 2 2
python align_crop_image.py -p D:\image_alignment\test_data\ -i 141 2 3 -y 12 10 26 -x -2 2 -9 -s 1 -l 2 2 1
python align_crop_image.py -p D:\image_alignment\test_data\ -i 141 2 4 -y 12 10 26 15 -x -2 2 -9 0 -s 1 -l 2 2 1 1
python align_crop_image.py -p D:\image_alignment\test_data\ -i 141 2 5 -y 12 10 26 15 7 -x -2 2 -9 0 -4 -s 1 -l 2 2 1 1 1
python align_crop_image.py -p D:\image_alignment\test_data\ -i 141 2 6 -y 12 10 26 15 7 12 -x -2 2 -9 0 -4 1 -s 1 -l 2 2 1 1 1 0
python align_crop_image.py -p D:\image_alignment\test_data\ -i 141 2 7 -y 12 10 26 15 7 12 16 -x -2 2 -9 0 -4 1 0 -s 1 -l 2 2 1 1 1 0 2
python align_crop_image.py -p D:\image_alignment\test_data\ -i 141 2 8 -y 12 10 26 15 7 12 16 10 -x -2 2 -9 0 -4 1 0 2 -s 1 -l 2 2 1 1 1 0 2 2
python align_crop_image.py -p D:\image_alignment\test_data\ -i 141 2 9 -y 12 10 26 15 7 12 16 10 24 -x -2 2 -9 0 -4 1 0 2 -2 -s 1 -l 2 2 1 1 1 0 2 2 1",141_2_2_9_222_48_2.png,?
142,1,"python align_crop_image.py -p D:\image_alignment\test_data\ -i 142 1 1 -y 70 -x 2 -s 1 -l 2
python align_crop_image.py -p D:\image_alignment\test_data\ -i 142 1 2 -y 70 70 -x 2 2 -s 1 -l 2 2
python align_crop_image.py -p D:\image_alignment\test_data\ -i 142 1 3 -y 70 70 76 -x 2 2 -4 -s 1 -l 2 2 1
python align_crop_image.py -p D:\image_alignment\test_data\ -i 142 1 4 -y 70 70 76 89 -x 2 2 -4 2 -s 1 -l 2 2 1 1 -f none -r 170 175 320 270
python align_crop_image.py -p D:\image_alignment\test_data\ -i 142 1 5 -y 70 70 76 89 74 -x 2 2 -4 2 -1 -s 1 -l 2 2 1 1 1 -f none -r 170 165 323 262
python align_crop_image.py -p D:\image_alignment\test_data\ -i 142 1 6 -y 70 70 76 89 74 86 -x 2 2 -4 2 -1 -6 -s 1 -l 2 2 1 1 1 1 -f none -r 170 146 310 240
python align_crop_image.py -p D:\image_alignment\test_data\ -i 142 1 7 -y 70 70 76 89 74 86 88 -x 2 2 -4 2 -1 -6 2 -s 1 -l 2 2 1 1 1 1 1
python align_crop_image.py -p D:\image_alignment\test_data\ -i 142 1 8 -y 70 70 76 89 74 86 88 80 -x 2 2 -4 2 -1 -6 2 4 -s 1 -l 2 2 1 1 1 1 1 2 -f dnn
python align_crop_image.py -p D:\image_alignment\test_data\ -i 142 1 9 -y 70 70 76 89 74 86 88 80 101 -x 2 2 -4 2 -1 -6 2 4 -1 -s 1 -l 2 2 1 1 1 1 1 2 1 -f dnn
 ",142_1_2_5_96_2_2.png,
142,2,"python align_crop_image.py -p D:\image_alignment\test_data\ -i 142 2 1 -y 82 -x 3 -s 0 -l 2
python align_crop_image.py -p D:\image_alignment\test_data\ -i 142 2 2 -y 82 78 -x 3 4 -s 0 -l 2 2
python align_crop_image.py -p D:\image_alignment\test_data\ -i 142 2 3 -y 82 78 86 -x 3 4 -2 -s 0 -l 2 2 1
python align_crop_image.py -p D:\image_alignment\test_data\ -i 142 2 4 -y 82 78 86 70 -x 3 4 -2 2 -s 0 -l 2 2 1 1 -f none -r 195 150 335 250
python align_crop_image.py -p D:\image_alignment\test_data\ -i 142 2 5 -y 82 78 86 70 63 -x 3 4 -2 2 4 -s 0 -l 2 2 1 1 1 -f dnn
python align_crop_image.py -p D:\image_alignment\test_data\ -i 142 2 6 -y 82 78 86 70 63 70 -x 3 4 -2 2 4 -1 -s 0 -l 2 2 1 1 1 0 -f dnn
python align_crop_image.py -p D:\image_alignment\test_data\ -i 142 2 7 -y 82 78 86 70 63 70 74 -x 3 4 -2 2 4 -1 4 -s 0 -l 2 2 1 1 1 0 2 -f dnn
python align_crop_image.py -p D:\image_alignment\test_data\ -i 142 2 8 -y 82 78 86 70 63 70 74 71 -x 3 4 -2 2 4 -1 4 2 -s 0 -l 2 2 1 1 1 0 2 2 -f dnn
python align_crop_image.py -p D:\image_alignment\test_data\ -i 142 2 9 -y 82 78 86 70 63 70 74 71 77 -x 3 4 -2 2 4 -1 4 2 2 -s 1 -l 2 2 1 1 1 0 2 2 1 -f none -r 105 115 265 215
",,
,,subject 122 trial 2 missing frames,,